SET DEFINE OFF;
Insert into GCZ_SERVICIO (CODIGO_SERVICIO,NOMBRE,DESCRIPCION,ESTADO,CODIGO_SECCION_DEFECTO,DIRECTORIO_BASE,GCZ_PUBLICADO,GCZ_USUARIOALTA,GCZ_USUARIOMOD,GCZ_USUARIOPUB,GCZ_FECHAALTA,GCZ_FECHAMOD,GCZ_FECHAPUB,GCZ_USUARIOSADMIN) values ('CONTENIDOS','Formularios',null,null,'CONTENIDOS',null,'S','admin',null,null,to_date('13/03/17','DD/MM/RR'),null,null,null);

Insert into GCZ_SECCION (CODIGO_SECCION,CODIGO_SERVICIO,NOMBRE,DESCRIPCION,ESTADO,WWW_URL,INI_URL,GCZ_PUBLICADO,GCZ_USUARIOALTA,GCZ_USUARIOMOD,GCZ_USUARIOPUB,GCZ_FECHAALTA,GCZ_FECHAMOD,GCZ_FECHAPUB) values ('PAGINAS','CONTENIDOS','Paginas',null,'S',null,null,'S','admin','admin',null,to_date('13/03/17','DD/MM/RR'),to_date('13/03/17','DD/MM/RR'),null);
Insert into GCZ_SECCION (CODIGO_SECCION,CODIGO_SERVICIO,NOMBRE,DESCRIPCION,ESTADO,WWW_URL,INI_URL,GCZ_PUBLICADO,GCZ_USUARIOALTA,GCZ_USUARIOMOD,GCZ_USUARIOPUB,GCZ_FECHAALTA,GCZ_FECHAMOD,GCZ_FECHAPUB) values ('PLANTILLAS','CONTENIDOS','Plantillas',null,'S',null,null,'S','admin','admin',null,to_date('13/03/17','DD/MM/RR'),to_date('13/03/17','DD/MM/RR'),null);

Insert into GCZ_PERFIL (CODIGO_PERFIL,CODIGO_SERVICIO,NOMBRE,DESCRIPCION,GCZ_PUBLICADO,GCZ_USUARIOALTA,GCZ_USUARIOMOD,GCZ_USUARIOPUB,GCZ_FECHAALTA,GCZ_FECHAMOD,GCZ_FECHAPUB,ID_PERFIL) values ('ADMINGENERALCONTENIDO','CONTENIDOS','Gestor contenidos',null,'S','admin',null,null,to_date('13/03/17','DD/MM/RR'),null,null,GCZ_PERFIL_SEQ.NEXTVAL);

Insert into GCZ_PERFIL_USUARIO (ID_USUARIO,ID_PERFIL) values ('1',GCZ_PERFIL_SEQ.CURRVAL);

Insert into GCZ_GRUPO_OPERACIONES (ID_GRUPO_OPERACIONES,CODIGO_GRUPO_OPERACIONES,NOMBRE,DESCRIPCION,CODIGO_SERVICIO,CODIGO_SECCION,GCZ_PUBLICADO,GCZ_FECHAALTA,GCZ_FECHAMOD,GCZ_FECHAPUB,GCZ_USUARIOALTA,GCZ_USUARIOMOD,GCZ_USUARIOPUB,TIPO) values (GCZ_GRUPO_OPERACIONES_SEQ.nextval,'DEL',null,null,'CONTENIDOS','PAGINAS','S',null,null,null,null,null,null,'PRE');
Insert into GCZ_PERFIL_GRUPO_OPERACIONES (ID_GRUPO_OPERACIONES,ID_PERFIL) values(GCZ_GRUPO_OPERACIONES_SEQ.CURRVAL, GCZ_PERFIL_SEQ.CURRVAL);

Insert into GCZ_GRUPO_OPERACIONES (ID_GRUPO_OPERACIONES,CODIGO_GRUPO_OPERACIONES,NOMBRE,DESCRIPCION,CODIGO_SERVICIO,CODIGO_SECCION,GCZ_PUBLICADO,GCZ_FECHAALTA,GCZ_FECHAMOD,GCZ_FECHAPUB,GCZ_USUARIOALTA,GCZ_USUARIOMOD,GCZ_USUARIOPUB,TIPO) values (GCZ_GRUPO_OPERACIONES_SEQ.nextval,'DET',null,null,'CONTENIDOS','PAGINAS','S',null,null,null,null,null,null,'PRE');
Insert into GCZ_PERFIL_GRUPO_OPERACIONES (ID_GRUPO_OPERACIONES,ID_PERFIL) values(GCZ_GRUPO_OPERACIONES_SEQ.CURRVAL, GCZ_PERFIL_SEQ.CURRVAL);

Insert into GCZ_GRUPO_OPERACIONES (ID_GRUPO_OPERACIONES,CODIGO_GRUPO_OPERACIONES,NOMBRE,DESCRIPCION,CODIGO_SERVICIO,CODIGO_SECCION,GCZ_PUBLICADO,GCZ_FECHAALTA,GCZ_FECHAMOD,GCZ_FECHAPUB,GCZ_USUARIOALTA,GCZ_USUARIOMOD,GCZ_USUARIOPUB,TIPO) values (GCZ_GRUPO_OPERACIONES_SEQ.nextval,'DOC',null,null,'CONTENIDOS','PAGINAS','S',null,null,null,null,null,null,'PRE');
Insert into GCZ_PERFIL_GRUPO_OPERACIONES (ID_GRUPO_OPERACIONES,ID_PERFIL) values(GCZ_GRUPO_OPERACIONES_SEQ.CURRVAL, GCZ_PERFIL_SEQ.CURRVAL);

Insert into GCZ_GRUPO_OPERACIONES (ID_GRUPO_OPERACIONES,CODIGO_GRUPO_OPERACIONES,NOMBRE,DESCRIPCION,CODIGO_SERVICIO,CODIGO_SECCION,GCZ_PUBLICADO,GCZ_FECHAALTA,GCZ_FECHAMOD,GCZ_FECHAPUB,GCZ_USUARIOALTA,GCZ_USUARIOMOD,GCZ_USUARIOPUB,TIPO) values (GCZ_GRUPO_OPERACIONES_SEQ.nextval,'MOD',null,null,'CONTENIDOS','PAGINAS','S',null,null,null,null,null,null,'PRE');
Insert into GCZ_PERFIL_GRUPO_OPERACIONES (ID_GRUPO_OPERACIONES,ID_PERFIL) values(GCZ_GRUPO_OPERACIONES_SEQ.CURRVAL, GCZ_PERFIL_SEQ.CURRVAL);

Insert into GCZ_GRUPO_OPERACIONES (ID_GRUPO_OPERACIONES,CODIGO_GRUPO_OPERACIONES,NOMBRE,DESCRIPCION,CODIGO_SERVICIO,CODIGO_SECCION,GCZ_PUBLICADO,GCZ_FECHAALTA,GCZ_FECHAMOD,GCZ_FECHAPUB,GCZ_USUARIOALTA,GCZ_USUARIOMOD,GCZ_USUARIOPUB,TIPO) values (GCZ_GRUPO_OPERACIONES_SEQ.nextval,'NEW',null,null,'CONTENIDOS','PAGINAS','S',null,null,null,null,null,null,'PRE');
Insert into GCZ_PERFIL_GRUPO_OPERACIONES (ID_GRUPO_OPERACIONES,ID_PERFIL) values(GCZ_GRUPO_OPERACIONES_SEQ.CURRVAL, GCZ_PERFIL_SEQ.CURRVAL);

Insert into GCZ_GRUPO_OPERACIONES (ID_GRUPO_OPERACIONES,CODIGO_GRUPO_OPERACIONES,NOMBRE,DESCRIPCION,CODIGO_SERVICIO,CODIGO_SECCION,GCZ_PUBLICADO,GCZ_FECHAALTA,GCZ_FECHAMOD,GCZ_FECHAPUB,GCZ_USUARIOALTA,GCZ_USUARIOMOD,GCZ_USUARIOPUB,TIPO) values (GCZ_GRUPO_OPERACIONES_SEQ.nextval,'PUB',null,null,'CONTENIDOS','PAGINAS','S',null,null,null,null,null,null,'PRE');
Insert into GCZ_PERFIL_GRUPO_OPERACIONES (ID_GRUPO_OPERACIONES,ID_PERFIL) values(GCZ_GRUPO_OPERACIONES_SEQ.CURRVAL, GCZ_PERFIL_SEQ.CURRVAL);

Insert into GCZ_GRUPO_OPERACIONES (ID_GRUPO_OPERACIONES,CODIGO_GRUPO_OPERACIONES,NOMBRE,DESCRIPCION,CODIGO_SERVICIO,CODIGO_SECCION,GCZ_PUBLICADO,GCZ_FECHAALTA,GCZ_FECHAMOD,GCZ_FECHAPUB,GCZ_USUARIOALTA,GCZ_USUARIOMOD,GCZ_USUARIOPUB,TIPO) values (GCZ_GRUPO_OPERACIONES_SEQ.nextval,'DEL',null,null,'CONTENIDOS','PLANTILLAS','S',null,null,null,null,null,null,'PRE');
Insert into GCZ_PERFIL_GRUPO_OPERACIONES (ID_GRUPO_OPERACIONES,ID_PERFIL) values(GCZ_GRUPO_OPERACIONES_SEQ.CURRVAL, GCZ_PERFIL_SEQ.CURRVAL);

Insert into GCZ_GRUPO_OPERACIONES (ID_GRUPO_OPERACIONES,CODIGO_GRUPO_OPERACIONES,NOMBRE,DESCRIPCION,CODIGO_SERVICIO,CODIGO_SECCION,GCZ_PUBLICADO,GCZ_FECHAALTA,GCZ_FECHAMOD,GCZ_FECHAPUB,GCZ_USUARIOALTA,GCZ_USUARIOMOD,GCZ_USUARIOPUB,TIPO) values (GCZ_GRUPO_OPERACIONES_SEQ.nextval,'DET',null,null,'CONTENIDOS','PLANTILLAS','S',null,null,null,null,null,null,'PRE');
Insert into GCZ_PERFIL_GRUPO_OPERACIONES (ID_GRUPO_OPERACIONES,ID_PERFIL) values(GCZ_GRUPO_OPERACIONES_SEQ.CURRVAL, GCZ_PERFIL_SEQ.CURRVAL);

Insert into GCZ_GRUPO_OPERACIONES (ID_GRUPO_OPERACIONES,CODIGO_GRUPO_OPERACIONES,NOMBRE,DESCRIPCION,CODIGO_SERVICIO,CODIGO_SECCION,GCZ_PUBLICADO,GCZ_FECHAALTA,GCZ_FECHAMOD,GCZ_FECHAPUB,GCZ_USUARIOALTA,GCZ_USUARIOMOD,GCZ_USUARIOPUB,TIPO) values (GCZ_GRUPO_OPERACIONES_SEQ.nextval,'DOC',null,null,'CONTENIDOS','PLANTILLAS','S',null,null,null,null,null,null,'PRE');
Insert into GCZ_PERFIL_GRUPO_OPERACIONES (ID_GRUPO_OPERACIONES,ID_PERFIL) values(GCZ_GRUPO_OPERACIONES_SEQ.CURRVAL, GCZ_PERFIL_SEQ.CURRVAL);

Insert into GCZ_GRUPO_OPERACIONES (ID_GRUPO_OPERACIONES,CODIGO_GRUPO_OPERACIONES,NOMBRE,DESCRIPCION,CODIGO_SERVICIO,CODIGO_SECCION,GCZ_PUBLICADO,GCZ_FECHAALTA,GCZ_FECHAMOD,GCZ_FECHAPUB,GCZ_USUARIOALTA,GCZ_USUARIOMOD,GCZ_USUARIOPUB,TIPO) values (GCZ_GRUPO_OPERACIONES_SEQ.nextval,'MOD',null,null,'CONTENIDOS','PLANTILLAS','S',null,null,null,null,null,null,'PRE');
Insert into GCZ_PERFIL_GRUPO_OPERACIONES (ID_GRUPO_OPERACIONES,ID_PERFIL) values(GCZ_GRUPO_OPERACIONES_SEQ.CURRVAL, GCZ_PERFIL_SEQ.CURRVAL);

Insert into GCZ_GRUPO_OPERACIONES (ID_GRUPO_OPERACIONES,CODIGO_GRUPO_OPERACIONES,NOMBRE,DESCRIPCION,CODIGO_SERVICIO,CODIGO_SECCION,GCZ_PUBLICADO,GCZ_FECHAALTA,GCZ_FECHAMOD,GCZ_FECHAPUB,GCZ_USUARIOALTA,GCZ_USUARIOMOD,GCZ_USUARIOPUB,TIPO) values (GCZ_GRUPO_OPERACIONES_SEQ.nextval,'NEW',null,null,'CONTENIDOS','PLANTILLAS','S',null,null,null,null,null,null,'PRE');
Insert into GCZ_PERFIL_GRUPO_OPERACIONES (ID_GRUPO_OPERACIONES,ID_PERFIL) values(GCZ_GRUPO_OPERACIONES_SEQ.CURRVAL, GCZ_PERFIL_SEQ.CURRVAL);

Insert into GCZ_GRUPO_OPERACIONES (ID_GRUPO_OPERACIONES,CODIGO_GRUPO_OPERACIONES,NOMBRE,DESCRIPCION,CODIGO_SERVICIO,CODIGO_SECCION,GCZ_PUBLICADO,GCZ_FECHAALTA,GCZ_FECHAMOD,GCZ_FECHAPUB,GCZ_USUARIOALTA,GCZ_USUARIOMOD,GCZ_USUARIOPUB,TIPO) values (GCZ_GRUPO_OPERACIONES_SEQ.nextval,'PUB',null,null,'CONTENIDOS','PLANTILLAS','S',null,null,null,null,null,null,'PRE');
Insert into GCZ_PERFIL_GRUPO_OPERACIONES (ID_GRUPO_OPERACIONES,ID_PERFIL) values(GCZ_GRUPO_OPERACIONES_SEQ.CURRVAL, GCZ_PERFIL_SEQ.CURRVAL);
